,NewDate
470556,20170420
225211,20090712
375782,20140913
226040,20091215
341954,20131117
119678,20050226
225283,20090922
562685,20200727
562792,20200911
26867,20010522
225325,20091103
225232,20090802
341862,20130914
562889,20201026
469534,20170228
438413,20160110
97719,20040918
439635,20160716
438645,20160523
531147,20191108
375651,20140709
225715,20090107
119794,20050701
96997,20040814
563024,20201207
142796,20060603
119950,20051205
197139,20080116
253317,20100531
531821,20190805
225205,20090706
225832,20090514
592311,20210528
196484,20080310
277418,20110910
142840,20060717
277571,20111206
501189,20180512
341654,20130602
407878,20150411
278301,20110524
407387,20150912
592434,20210629
3173,20000719
341651,20130601
438545,20160401
277463,20111013
225923,20090818
375626,20140627
469695,20170529
197453,20081205
51044,20021223
197209,20080327
439528,20160331
563107,20200110
119760,20050527
530817,20190531
96994,20040805
591922,20210105
592416,20210624
196530,20080425
530740,20190417
119661,20050209
438625,20160511
3034,20000302
376553,20141009
278464,20111107
197439,20081121
562492,20200515
51009,20021118
50066,20020228
592318,20210530
469686,20170524
500600,20180929
120502,20050610
592558,20210427
439009,20161126
530709,20190330
120480,20050519
167778,20070728
530653,20190302
341748,20130719
470006,20171101
168415,20070522
27014,20011016
225886,20090712
500187,20180126
252276,20100701
278467,20111110
341939,20131110
26099,20010706
120572,20050819
27048,20011119
341970,20131125
439067,20161227
120453,20050422
50086,20020320
500462,20180722
438457,20160203
50805,20020428
438835,20160830
143642,20061023
375614,20140621
277380,20110803
226050,20091225
500734,20181227
563304,20200728
592259,20210515
531937,20191201
469944,20171001
407147,20150408
375373,20140218
439458,20160121
407843,20150307
96846,20040213
74946,20031014
225328,20091106
26882,20010606
74805,20030519
167618,20070204
26160,20010910
500341,20180513
197161,20080208
531165,20191117
142831,20060708
375606,20140617
120552,20050730
592172,20210420
277385,20110808
376580,20141105
197239,20080505
376448,20140626
530611,20190208
375658,20140713
96806,20040103
563299,20200723
500416,20180626
226052,20091227
500545,20180901
277460,20111011
563259,20200612
470575,20170509
592038,20210224
562204,20200225
469487,20170205
142994,20061223
3157,20000703
97601,20040512
225318,20091027
97765,20041105
562626,20200705
143622,20061003
562770,20200831
225222,20090723
167650,20070319
530571,20190119
27078,20011222
167910,20071215
50970,20021010
469694,20170528
26934,20010728
167635,20070304
50088,20020322
342830,20131209
563082,20201227
225816,20090427
375687,20140727
407355,20150811
341460,20130201
3090,20000427
119665,20050213
407331,20150718
341875,20130921
277511,20111106
592461,20210120
562617,20200702
439678,20160908
531795,20190710
341479,20130304
277331,20110603
469540,20170303
26207,20011030
408073,20151104
252253,20100608
196730,20081204
120478,20050517
196456,20080211
74732,20030223
74828,20030616
119640,20050119
591929,20210107
438671,20160605
592110,20210327
469645,20170503
3288,20001111
563081,20201227
592398,20210620
26854,20010509
50846,20020608
277247,20110111
470057,20171214
142695,20060222
97657,20040710
562636,20200707
438492,20160305
500268,20180315
196612,20080808
530960,20190806
196633,20080829
196469,20080224
341659,20130605
501344,20181014
309447,20121121
531753,20190529
500712,20181208
375313,20140119
341843,20130905
563404,20201109
592443,20210102
120622,20051008
531179,20191124
197420,20081102
51029,20021208
196457,20080212
438630,20160513
439579,20160521
51017,20021126
142838,20060715
277593,20111221
500498,20180809
50721,20020203
591968,20210127
96895,20040426
342630,20130423
469987,20171023
341742,20130716
530955,20190804
26779,20010223
531193,20191201
531640,20190205
3216,20000831
562603,20200627
27013,20011015
342755,20130925
119779,20050615
309992,20120430
26126,20010802
26153,20010903
277613,20111231
407374,20150830
592574,20210522
119631,20050110
143666,20061116
252362,20100925
531731,20190507
341935,20131108
74700,20030122
439730,20161107
3291,20001114
530559,20190113
531829,20190813
470519,20170314
252337,20100831
439042,20161214
376617,20141212
142742,20060410
438617,20160507
469992,20171025
500635,20181017
197216,20080403
277537,20111119
342726,20130827
225260,20090830
167826,20070914
531703,20190409
592064,20210308
376589,20141114
168539,20070923
592420,20210625
592389,20210617
469737,20170620
470505,20170228
501294,20180825
469441,20170111
407194,20150502
196656,20080921
197146,20080123
277276,20110226
225952,20090916
341505,20130318
470038,20171126
562495,20200519
74787,20030501
252267,20100622
469644,20170502
563032,20201211
97695,20040817
341804,20130816
26073,20010610
26114,20010721
407119,20150325
530980,20190816
469899,20170909
376518,20140904
341493,20130312
376496,20140813
197437,20081119
119796,20050703
26745,20010120
252223,20100509
469472,20170128
469752,20170627
563441,20201216
142861,20060807
142956,20061115
252456,20101228
50886,20020718
438648,20160524
252384,20101017
97105,20041211
225964,20090928
341497,20130314
225812,20090423
97022,20040908
310043,20121207
3079,20000416
439479,20160211
470472,20170126
278219,20110113
530959,20190806
470470,20170124
225169,20090531
27044,20011115
592587,20210604
469430,20170105
562160,20200113
277251,20110201
252389,20101022
50032,20020113
438461,20160207
500183,20180124
50746,20020228
277525,20111113
277309,20110331
142873,20060824
278387,20110818
197454,20081206
309522,20121228
469954,20171006
3300,20001123
96834,20040131
309927,20120225
120495,20050603
50716,20020129
3318,20001211
470750,20171114
26194,20011017
531607,20190103
438445,20160126
592298,20210525
341829,20130829
562660,20200715
50148,20020521
120580,20050827
500624,20181011
375539,20140513
253247,20100322
375405,20140306
501129,20180226
562791,20200910
342809,20131118
406963,20150106
531908,20191102
530618,20190212
142655,20060106
438498,20160308
168326,20070222
469598,20170401
469775,20170709
469806,20170724
501158,20180327
167609,20070126
500513,20180816
277255,20110205
501359,20181102
225276,20090915
225848,20090530
74793,20030507
341494,20130312
341661,20130606
439537,20160409
278259,20110314
168330,20070226
376520,20140906
143608,20060913
342725,20130826
376633,20141228
562389,20200417
469836,20170808
278460,20111103
592448,20210107
50830,20020523
96972,20040714
143397,20060212
501200,20180523
196446,20080201
438848,20160905
50726,20020208
375612,20140620
591991,20210206
376373,20140412
26768,20010212
408127,20151228
225267,20090906
27085,20011229
309936,20120305
143655,20061105
252305,20100730
530645,20190226
97662,20040715
142719,20060318
51022,20021201
119904,20051020
26055,20010523
439745,20161122
591941,20210110
500304,20180406
530585,20190126
439040,20161213
375800,20140922
407829,20150221
197441,20081123
167702,20070510
469896,20170907
225083,20090224
592498,20210226
375512,20140428
74907,20030905
143645,20061026
50075,20020309
196518,20080413
120509,20050617
438780,20160731
309922,20120220
278224,20110118
309446,20121120
226001,20091105
376345,20140315
341810,20130819
253293,20100507
3175,20000721
142817,20060624
375911,20141116
168421,20070528
500691,20181118
469429,20170104
50839,20020601
50082,20020316
3231,20000915
375508,20140426
470512,20170307
562421,20200425
252258,20100613
469658,20170509
253199,20100201
592576,20210524
74680,20030102
225219,20090720
562844,20201003
562943,20201116
591920,20210104
407396,20150921
531849,20190904
500244,20180223
530976,20190814
531966,20191230
225136,20090418
120485,20050524
50694,20020103
253198,20100129
310007,20120515
252335,20100829
501302,20180902
168413,20070520
50965,20021005
341835,20130901
469925,20170922
341837,20130902
120508,20050616
500681,20181113
438480,20160223
225193,20090624
225053,20090125
252344,20100907
341575,20130422
50929,20020830
562659,20200714
470482,20170205
592438,20210630
278351,20110713
375588,20140608
563411,20201116
50714,20020127
74751,20030323
341417,20130111
470465,20170119
563440,20201215
500703,20181128
168503,20070818
225225,20090726
3254,20001008
278372,20110803
119940,20051125
50125,20020428
226023,20091128
375630,20140629
501168,20180408
470587,20170521
119687,20050307
50977,20021017
51042,20021221
50753,20020307
342576,20130116
278303,20110526
562847,20201004
168457,20070703
342697,20130729
278322,20110614
407136,20150403
167888,20071115
562502,20200528
26791,20010307
438798,20160809
168483,20070729
3119,20000526
168321,20070217
225836,20090518
592180,20210422
225097,20090310
26159,20010909
253403,20100904
142932,20061022
531115,20191023
470650,20170726
168401,20070508
26829,20010414
439470,20160202
50836,20020529
74865,20030723
439013,20161128
168352,20070320
167832,20070920
376473,20140721
168472,20070718
375733,20140819
27008,20011010
167845,20071003
341718,20130704
592188,20210425
342669,20130701
252271,20100626
197285,20080620
562366,20200411
439509,20160312
375666,20140717
530606,20190205
278291,20110514
97819,20041229
470517,20170312
120510,20050618
252331,20100825
309915,20120213
376636,20141231
501147,20180316
438732,20160705
26938,20010801
168574,20071118
143628,20061009
375426,20140316
501143,20180312
143464,20060420
341952,20131116
168335,20070303
120421,20050321
277487,20111025
375441,20140324
50732,20020214
277378,20110801
376628,20141223
74902,20030831
26127,20010803
438451,20160129
407915,20150518
376277,20140106
407354,20150810
342600,20130209
97675,20040728
342818,20131127
341918,20131027
119637,20050116
252270,20100625
530814,20190529
50930,20020831
592269,20210518
501367,20181110
50092,20020326
530552,20190109
438563,20160410
74917,20030915
407421,20151016
501241,20180703
341492,20130311
119800,20050707
500693,20181120
342022,20131227
500526,20180823
375324,20140124
563308,20200801
225117,20090330
167846,20071004
438446,20160127
277430,20110922
469747,20170625
252262,20100617
309383,20120418
375830,20141007
252311,20100805
74867,20030725
470680,20170826
197281,20080616
26963,20010826
439065,20161226
531632,20190128
341587,20130428
500476,20180729
74807,20030521
278491,20111204
592068,20210309
469743,20170623
3130,20000606
50060,20020222
562539,20200606
439070,20161228
167839,20070927
225033,20090105
51039,20021218
142926,20061016
3266,20001020
592222,20210505
119735,20050502
407260,20150604
277282,20110304
119936,20051121
277377,20110731
438515,20160317
341565,20130417
277590,20111219
375709,20140807
407262,20150605
592430,20210628
226026,20091201
168306,20070202
438402,20160105
3055,20000323
438845,20160904
562556,20200611
531928,20191122
25996,20010311
26000,20010315
562209,20200226
26222,20011119
119683,20050303
97655,20040708
26011,20010326
225248,20090818
341484,20130307
142682,20060209
197293,20080628
562609,20200630
74799,20030513
143375,20060121
225223,20090724
376492,20140809
592121,20210401
341702,20130626
501152,20180321
309961,20120330
500225,20180214
74974,20031111
592292,20210524
501146,20180315
310038,20121202
407386,20150911
407888,20150421
74895,20030824
168389,20070426
562865,20201013
278393,20110824
97576,20040417
26802,20010318
277435,20110927
407884,20150417
142847,20060724
375920,20141121
469833,20170807
376000,20141231
376456,20140704
197374,20080917
342785,20131025
592147,20210411
375417,20140312
563162,20200307
278310,20110602
375865,20141024
376614,20141209
530953,20190803
196517,20080412
142938,20061028
376394,20140503
531762,20190607
375331,20140128
407863,20150327
592265,20210517
278489,20111202
26737,20010112
225873,20090629
470639,20170712
252294,20100719
309954,20120323
375573,20140531
531616,20190112
253496,20101229
501395,20181208
50816,20020509
500391,20180613
500374,20180603
143462,20060418
277259,20110209
562388,20200417
376475,20140723
3172,20000718
376558,20141014
469656,20170508
143633,20061014
500412,20180624
562788,20200909
196757,20081231
120458,20050427
97750,20041019
119747,20050514
3118,20000525
501340,20181010
562550,20200610
252206,20100422
225746,20090209
310067,20121231
592295,20210524
225177,20090608
97650,20040703
120525,20050703
500431,20180706
74724,20030215
341893,20130930
168519,20070903
309948,20120317
470760,20171130
197369,20080912
563325,20200818
407159,20150414
277366,20110708
167908,20071213
3063,20000331
375570,20140530
530558,20190112
197189,20080307
225810,20090421
531838,20190824
531017,20190904
197188,20080306
531151,20191110
562802,20200914
252422,20101124
469639,20170430
50812,20020505
96926,20040529
26093,20010630
592544,20210413
531862,20190917
407205,20150507
168502,20070817
470466,20170120
438590,20160423
168583,20071127
142788,20060526
97802,20041212
376552,20141008
96884,20040322
469945,20171002
168331,20070227
309297,20120104
341603,20130506
341583,20130426
97789,20041129
119839,20050815
375932,20141127
592118,20210331
26962,20010825
277314,20110405
50100,20020403
197294,20080629
277289,20110311
196482,20080308
341648,20130530
120384,20050212
120614,20050930
469544,20170305
500660,20181102
531006,20190829
309893,20120121
50963,20021003
375427,20140317
74822,20030610
407377,20150902
341789,20130809
563028,20201209
341627,20130518
50775,20020329
278373,20110804
562897,20201030
500408,20180622
500315,20180417
375848,20141016
3244,20000928
342688,20130720
439700,20160930
119901,20051017
50940,20020910
278343,20110705
530574,20190120
97623,20040606
375288,20140106
408126,20151227
225790,20090326
74696,20030118
50699,20020108
592369,20210612
225756,20090219
407797,20150117
562916,20201109
500515,20180817
500609,20181004
225098,20090311
197412,20081025
143684,20061204
530610,20190208
167906,20071211
342595,20130204
196471,20080226
253437,20101008
375631,20140629
3036,20000304
530841,20190608
196491,20080317
225259,20090829
50053,20020215
3255,20001009
562371,20200412
97591,20040502
26897,20010621
438456,20160202
120658,20051113
376495,20140812
197302,20080707
562343,20200405
408023,20150915
531167,20191118
3222,20000906
501165,20180405
500667,20181106
27073,20011217
438849,20160906
438512,20160315
196745,20081219
278423,20110923
196465,20080220
26053,20010521
470716,20171001
592179,20210422
167874,20071101
562437,20200429
531886,20191011
143507,20060602
530857,20190616
96832,20040129
225240,20090810
375577,20140602
439443,20160106
375827,20141005
562237,20200304
252391,20101024
97094,20041119
375712,20140809
438557,20160407
3190,20000805
225280,20090919
563326,20200819
277499,20111031
408111,20151212
168469,20070715
531754,20190530
407968,20150710
407165,20150417
376586,20141111
341516,20130323
470454,20170108
278379,20110810
376443,20140621
342762,20131002
225200,20090701
50875,20020707
439743,20161120
253423,20100924
310004,20120512
168604,20071218
196565,20080622
438628,20160512
531664,20190301
3242,20000926
97731,20040930
74704,20030126
26831,20010416
278283,20110506
3108,20000515
97592,20040503
562249,20200307
376578,20141103
375718,20140812
143371,20060117
97604,20040515
562394,20200418
74938,20031006
225359,20091207
439522,20160325
407979,20150724
439594,20160605
500527,20180823
119700,20050328
562745,20200820
50803,20020426
375372,20140217
26078,20010615
278246,20110228
74888,20030817
562427,20200426
167871,20071029
562196,20200223
341898,20131002
469732,20170617
591989,20210206
253338,20100621
142737,20060405
470464,20170118
562139,20200108
407803,20150123
531755,20190531
562400,20200420
375620,20140624
26035,20010503
342023,20131228
341723,20130707
530956,20190804
500214,20180208
375502,20140423
563365,20200927
563223,20200507
591978,20210202
562969,20201122
501123,20180220
225811,20090422
225977,20091011
592376,20210614
341694,20130622
253394,20100826
50750,20020304
252352,20100915
225148,20090430
253486,20101219
438520,20160319
375944,20141203
531631,20190127
309407,20120430
562646,20200710
197292,20080627
438717,20160628
167667,20070405
592257,20210515
375597,20140612
530796,20190518
375738,20140822
168427,20070603
196725,20081129
470686,20170901
501236,20180628
407931,20150603
3160,20000706
407472,20151206
341863,20130915
530950,20190801
142845,20060722
470647,20170723
439566,20160508
530811,20190528
531656,20190221
562751,20200821
500162,20180113
500221,20180212
342792,20131101
470077,20171224
50953,20020923
26087,20010624
168584,20071128
376627,20141222
531922,20191116
50842,20020604
253345,20100628
375736,20140821
143657,20061107
225789,20090325
375376,20140219
501414,20181227
225831,20090513
375790,20140917
253454,20101025
501169,20180413
438908,20161006
530951,20190802
563210,20200424
531842,20190828
26101,20010708
119671,20050219
592145,20210410
309304,20120110
592541,20210410
167610,20070127
50784,20020407
439556,20160428
375723,20140814
26215,20011107
470547,20170411
120672,20051127
563159,20200304
438655,20160528
167907,20071212
500732,20181226
168279,20070106
97626,20040609
277389,20110812
469708,20170605
309964,20120402
197207,20080325
376441,20140619
197191,20080309
3294,20001117
26019,20010415
500559,20180908
26026,20010422
168428,20070604
27043,20011114
142930,20061020
592445,20210104
562325,20200401
197255,20080521
50867,20020629
407142,20150406
143679,20061129
500537,20180828
26977,20010909
531705,20190411
252115,20100120
226048,20091223
143383,20060129
407289,20150619
196677,20081012
119812,20050719
439541,20160413
3129,20000605
142687,20060214
530557,20190112
75004,20031211
196478,20080304
168564,20071108
530680,20190316
500503,20180811
96919,20040522
26040,20010508
143567,20060803
438427,20160117
74714,20030205
439511,20160314
309917,20120215
562710,20200810
469523,20170223
500280,20180321
530970,20190811
469595,20170331
501404,20181217
375675,20140721
592213,20210502
341418,20130111
341880,20130923
342610,20130219
253275,20100419
341577,20130423
500222,20180212
501125,20180222
310041,20121205
196596,20080723
530689,20190320
592321,20210531
120467,20050506
562579,20200617
96873,20040311
196588,20080715
438812,20160818
562355,20200408
438450,20160129
309394,20120423
74959,20031027
50061,20020223
563353,20200915
439633,20160714
96928,20040531
500480,20180731
469989,20171024
592441,20210630
469701,20170602
142791,20060529
26764,20010208
50870,20020702
342771,20131011
563250,20200603
501238,20180630
500651,20181027
278319,20110611
142922,20061012
50891,20020723
96914,20040515
197138,20080115
470641,20170714
225072,20090213
167769,20070719
167842,20070930
408000,20150823
341461,20130202
469600,20170402
376629,20141224
197317,20080722
439740,20161117
168434,20070610
531087,20191009
530546,20190106
562438,20200429
592502,20210302
120362,20050121
562250,20200307
143533,20060628
278420,20110920
168487,20070802
50155,20020528
469962,20171010
277587,20111218
376464,20140712
167893,20071128
120549,20050727
278468,20111111
341410,20130107
439757,20161204
407248,20150529
530561,20190114
375794,20140919
592034,20210222
530837,20190606
342813,20131122
408123,20151224
225043,20090115
470593,20170527
375419,20140313
196690,20081025
531137,20191103
470698,20170913
196617,20080813
3182,20000728
438861,20160912
439632,20160713
197124,20080101
407930,20150602
277327,20110418
563400,20201101
531008,20190830
342724,20130825
470567,20170501
26085,20010622
500406,20180621
376354,20140324
341670,20130610
167624,20070210
562807,20200915
592104,20210324
439514,20160317
375362,20140212
119785,20050621
501134,20180303
375401,20140304
439548,20160420
197276,20080611
592014,20210215
167873,20071031
592299,20210525
562679,20200724
341822,20130825
278233,20110127
74856,20030714
225976,20091010
119648,20050127
309389,20120421
119840,20050816
375557,20140522
562752,20200822
341881,20130924
562965,20201121
407820,20150212
143584,20060820
375582,20140605
407360,20150816
143690,20061210
143362,20060108
563332,20200825
50158,20020531
375815,20140929
438964,20161103
407326,20150713
278375,20110806
342759,20130929
309952,20120321
375386,20140224
167700,20070508
341986,20131203
469423,20170101
196692,20081027
407882,20150415
407793,20150113
470018,20171107
277318,20110409
341963,20131122
530909,20190712
26118,20010725
469434,20170108
592201,20210429
120674,20051129
50729,20020211
168423,20070530
563369,20201001
97732,20041001
531687,20190324
341916,20131026
74821,20030609
501278,20180809
407048,20150218
225187,20090618
500273,20180317
375741,20140823
531880,20191005
501229,20180621
277450,20111006
167611,20070128
592595,20210612
469680,20170521
500616,20181007
119955,20051210
27002,20011004
196716,20081120
438885,20160925
375335,20140130
252121,20100126
51023,20021202
197377,20080920
406995,20150122
375710,20140808
309937,20120306
500294,20180329
562675,20200722
375357,20140210
407285,20150617
277381,20110804
278475,20111118
226025,20091130
26181,20011004
407005,20150127
407284,20150617
225960,20090924
50832,20020525
376485,20140802
278263,20110318
277466,20111014
438713,20160626
407182,20150426
530577,20190122
407961,20150703
470588,20170522
119830,20050806
375429,20140318
562532,20200605
375998,20141230
439736,20161113
562382,20200415
225113,20090326
278507,20111220
500383,20180609
168484,20070730
167746,20070623
592569,20210515
342561,20130101
120490,20050529
530629,20190218
3162,20000708
97642,20040625
142675,20060129
562769,20200830
531024,20190907
277320,20110411
120595,20050911
3166,20000712
97691,20040813
376567,20141023
438797,20160809
407392,20150917
310058,20121222
278406,20110906
407010,20150130
120685,20051210
26037,20010505
26775,20010219
3124,20000531
469845,20170813
470676,20170821
531859,20190914
120361,20050120
74705,20030127
50883,20020715
143551,20060716
438467,20160213
252423,20101125
438476,20160221
74909,20030907
341884,20130925
196578,20080705
592335,20210604
51015,20021124
530751,20190424
120506,20050614
120382,20050210
438977,20161110
531934,20191128
26116,20010723
408112,20151213
252102,20100107
407158,20150414
74850,20030708
3252,20001006
341533,20130401
531156,20191112
563041,20201214
225709,20090101
3106,20000513
167894,20071129
97736,20041005
119892,20051008
74840,20030628
438938,20161021
407895,20150428
97763,20041103
563043,20201215
592112,20210328
531669,20190306
375340,20140201
562357,20200409
407088,20150310
26794,20010310
439486,20160218
168414,20070521
119934,20051119
407211,20150510
225121,20090403
26013,20010328
277541,20111121
376340,20140310
563060,20201221
278277,20110401
530830,20190603
119913,20051029
50036,20020125
438561,20160409
120345,20050104
470684,20170830
252196,20100412
592426,20210627
438553,20160405
592183,20210423
531117,20191024
3298,20001121
278328,20110620
3085,20000422
592402,20210621
3258,20001012
253190,20100121
253392,20100824
196698,20081102
592520,20210320
168463,20070709
142917,20061007
470473,20170127
562246,20200306
375744,20140825
26984,20010916
592598,20210615
196663,20080928
225882,20090708
562612,20200701
469975,20171017
168489,20070804
50107,20020410
469462,20170122
469786,20170714
26039,20010507
439766,20161213
309376,20120414
74950,20031018
142920,20061010
119688,20050308
196627,20080823
376461,20140709
375532,20140508
406985,20150117
277349,20110621
530889,20190702
197142,20080119
375374,20140218
26180,20011003
74958,20031026
438686,20160612
530661,20190306
469552,20170309
253441,20101012
74975,20031112
592518,20210318
119696,20050316
375451,20140329
531192,20191130
342628,20130421
407098,20150315
501303,20180903
591938,20210109
75015,20031222
168442,20070618
592542,20210411
309402,20120427
26081,20010618
225737,20090131
375506,20140425
531773,20190618
252096,20100101
119810,20050717
26255,20011222
278394,20110825
530826,20190602
197329,20080803
252292,20100717
438843,20160903
97743,20041012
375842,20141013
469986,20171022
96955,20040627
562290,20200320
438537,20160328
407846,20150310
376329,20140227
531615,20190111
407487,20151221
470479,20170202
438743,20160711
500574,20180916
119851,20050828
26249,20011216
408066,20151028
376505,20140822
592124,20210403
531956,20191220
120446,20050415
469499,20170211
26889,20010613
277494,20111028
500345,20180515
592032,20210221
309442,20121007
530834,20190604
253402,20100903
74721,20030212
143668,20061118
592249,20210513
438495,20160307
341459,20130201
438842,20160902
500546,20180902
278235,20110129
197286,20080621
119866,20050912
563119,20200122
120624,20051010
74824,20030612
439673,20160903
562291,20200320
225080,20090221
225791,20090327
470636,20170709
501261,20180723
531742,20190518
26806,20010322
563396,20201028
143513,20060608
562644,20200709
531696,20190402
142839,20060716
500719,20181215
196666,20081001
470617,20170620
530665,20190308
119744,20050511
408038,20150930
341438,20130121
226033,20091208
341455,20130130
563128,20200131
592602,20210619
563434,20201209
120679,20051204
531058,20190924
278459,20111102
470062,20171216
97609,20040520
438687,20160613
309329,20120205
3239,20000923
592589,20210606
74697,20030119
592159,20210415
309459,20121127
530725,20190408
375649,20140708
563115,20200118
50035,20020124
531887,20191012
74699,20030121
530966,20190809
562486,20200514
407431,20151026
407394,20150919
278281,20110405
407091,20150311
25991,20010306
253355,20100708
531792,20190707
26033,20010501
168550,20071004
500368,20180531
97597,20040508
469774,20170708
278422,20110922
97020,20040906
26061,20010529
226006,20091110
438508,20160313
376453,20140701
253474,20101114
500382,20180608
562823,20200922
341751,20130721
168275,20070102
501222,20180614
469689,20170526
225919,20090814
438943,20161024
592252,20210514
253237,20100312
96930,20040602
3233,20000917
439693,20160923
253478,20101118
500392,20180614
562619,20200703
74879,20030806
97784,20041124
97767,20041107
469877,20170829
376537,20140923
469490,20170206
407825,20150217
376321,20140219
563279,20200703
376610,20141205
26878,20010602
592100,20210322
26204,20011027
500500,20180810
253187,20100118
438867,20160915
408090,20151121
376299,20140128
74878,20030805
119894,20051010
470691,20170906
376585,20141110
470063,20171217
309977,20120415
225309,20091018
408113,20151214
469736,20170619
375320,20140122
592097,20210320
592525,20210325
278306,20110529
27054,20011125
3229,20000913
500713,20181209
120550,20050728
225864,20090620
531730,20190506
167669,20070407
278354,20110716
376594,20141119
196477,20080303
407074,20150303
342705,20130806
143398,20060213
27055,20011126
469444,20170113
341846,20130906
470557,20170421
438434,20160121
530808,20190526
120411,20050311
438470,20160216
310059,20121223
531729,20190505
562473,20200508
143517,20060612
197359,20080902
531693,20190330
408076,20151107
168606,20071220
438740,20160709
341766,20130728
225172,20090603
26913,20010707
591981,20210203
470739,20171030
252315,20100809
252458,20101230
96879,20040317
309308,20120125
74768,20030409
531884,20191009
531237,20191223
469983,20171021
310003,20120511
26879,20010603
375942,20141202
470744,20171104
407206,20150508
562326,20200401
119863,20050909
26774,20010218
592085,20210316
469960,20171009
253323,20100606
341576,20130422
531219,20191214
26129,20010810
375314,20140119
309996,20120504
142665,20060119
470609,20170612
277548,20111124
341984,20131202
592039,20210224
225162,20090514
562144,20200109
407914,20150517
168496,20070811
309969,20120407
143423,20060310
592413,20210623
376310,20140208
142773,20060511
3082,20000419
469532,20170227
252410,20101112
142809,20060616
142992,20061221
407286,20150618
469529,20170226
120548,20050726
341995,20131208
50114,20020417
74707,20030129
3193,20000808
469909,20170914
341774,20130801
50851,20020613
309351,20120401
406954,20150102
120410,20050310
341507,20130319
143498,20060524
375536,20140510
119741,20050508
375358,20140210
119693,20050313
119910,20051026
142694,20060221
342757,20130927
376603,20141128
407175,20150422
167603,20070120
591928,20210106
225244,20090814
341540,20130404
26052,20010520
225934,20090829
592119,20210331
143405,20060220
530693,20190322
50933,20020903
469606,20170405
277445,20111004
407033,20150210
592301,20210526
562547,20200609
530635,20190221
168294,20070121
407066,20150227
168514,20070829
592237,20210509
50843,20020605
375415,20140311
501390,20181203
120544,20050722
530598,20190201
407320,20150707
252215,20100501
341473,20130301
309348,20120214
119968,20051223
309316,20120129
119695,20050315
469915,20170917
376570,20141026
563049,20201216
168391,20070428
252297,20100722
562953,20201118
592390,20210618
253358,20100711
531197,20191203
167819,20070907
252327,20100821
26080,20010617
500448,20180715
167739,20070616
407391,20150916
439055,20161221
592133,20210407
407858,20150322
562188,20200221
438481,20160224
501111,20180208
143392,20060207
438973,20161108
142836,20060713
592267,20210517
97796,20041206
3307,20001130
225140,20090422
278260,20110315
196645,20080910
375880,20141101
167772,20070722
531680,20190317
562120,20200103
562416,20200424
309345,20120213
253254,20100329
438881,20160922
562934,20201114
252285,20100710
470711,20170926
50106,20020409
50057,20020219
439464,20160127
50748,20020302
225159,20090511
342810,20131119
225293,20091002
167753,20070703
592041,20210225
531714,20190420
530938,20190726
562130,20200105
531132,20191031
531781,20190626
167919,20071224
375789,20140916
530630,20190218
376421,20140530
119649,20050128
142770,20060508
469445,20170113
438974,20161108
26845,20010430
438821,20160823
225804,20090411
531082,20191006
225147,20090429
469634,20170427
531927,20191121
309474,20121204
225750,20090213
225287,20090926
142949,20061108
530721,20190406
26811,20010327
253360,20100713
119691,20050311
562198,20200223
278385,20110816
143357,20060103
469450,20170116
196629,20080825
168383,20070420
562979,20201125
531676,20190313
469878,20170829
3323,20001216
309997,20120505
97644,20040627
501245,20180707
120448,20050417
119630,20050109
469556,20170311
407065,20150226
469699,20170531
119704,20050401
74874,20030801
143659,20061109
74883,20030810
407002,20150126
26115,20010722
439683,20160913
562981,20201125
530875,20190625
277456,20111009
469872,20170826
562657,20200713
97756,20041027
407995,20150818
96828,20040125
562123,20200104
252440,20101212
253295,20100509
501279,20180810
500692,20181119
341885,20130926
341548,20130408
342718,20130819
470608,20170611
277246,20110110
253290,20100504
252139,20100213
592579,20210527
51034,20021213
143422,20060309
196492,20080318
196475,20080301
341785,20130807
167726,20070603
342660,20130622
341475,20130302
253350,20100703
592129,20210405
530717,20190404
562225,20200301
3107,20000514
143630,20061011
592080,20210314
120598,20050914
277303,20110325
531881,20191006
253498,20101231
530669,20190310
592526,20210326
341920,20131028
252301,20100726
74863,20030721
25988,20010303
592409,20210622
375917,20141119
439546,20160418
50705,20020118
142821,20060628
563295,20200719
530550,20190108
470513,20170308
97720,20040919
167858,20071016
278211,20110105
501104,20180127
531830,20190814
531020,20190905
470642,20170718
225344,20091122
142883,20060903
562793,20200911
120413,20050313
252341,20100904
500386,20180611
407253,20150531
531623,20190119
376339,20140309
439015,20161129
438690,20160614
225997,20091101
27011,20011013
51028,20021207
225358,20091206
375729,20140817
501402,20181215
119837,20050813
120665,20051120
470480,20170203
469522,20170222
531107,20191019
563131,20200203
562980,20201125
531744,20190520
407411,20151006
375976,20141219
342649,20130606
407934,20150606
407481,20151215
309430,20120925
342717,20130818
563018,20201205
501214,20180606
342622,20130303
97774,20041114
341525,20130328
469489,20170206
469542,20170304
120392,20050220
309353,20120402
3198,20000813
341594,20130501
225763,20090226
563002,20201201
563436,20201211
592491,20210219
375930,20141126
501286,20180817
530588,20190127
50872,20020704
278221,20110115
375893,20141107
563053,20201218
470468,20170122
119673,20050221
592108,20210326
592253,20210514
3319,20001212
531023,20190907
592360,20210610
278376,20110807
3264,20001018
167745,20070622
253294,20100508
469850,20170815
97798,20041208
408121,20151222
197356,20080830
341437,20130121
563050,20201217
225935,20090830
167670,20070408
341815,20130822
119759,20050526
225118,20090331
341464,20130203
407170,20150420
592008,20210212
531095,20191013
225717,20090109
500711,20181207
501408,20181221
309973,20120411
562562,20200613
501403,20181216
375621,20140624
470013,20171105
96898,20040429
501338,20181008
562134,20200106
3056,20000324
438641,20160521
197227,20080423
563340,20200902
197236,20080502
225965,20090929
438408,20160108
438757,20160718
592148,20210411
143508,20060603
341865,20130916
562257,20200309
310063,20121227
96960,20040702
143413,20060228
252399,20101101
407140,20150405
501239,20180701
97106,20041212
225058,20090130
407842,20150306
562783,20200906
309970,20120408
563172,20200317
3214,20000829
309525,20121230
469764,20170703
341435,20130120
469759,20170701
341624,20130516
438786,20160803
225220,20090721
562352,20200408
26199,20011022
225840,20090522
563179,20200324
309900,20120128
278356,20110718
97069,20041025
500380,20180607
309356,20120404
143615,20060920
438698,20160618
592200,20210429
376347,20140317
341892,20130929
97599,20040510
438416,20160112
97806,20041216
407870,20150403
196426,20080112
119768,20050604
197287,20080622
375466,20140405
591994,20210208
341513,20130322
278447,20111021
376367,20140406
562613,20200701
438758,20160718
277491,20111027
225351,20091129
252319,20100813
439586,20160528
438884,20160924
252125,20100130
407832,20150224
563071,20201224
142764,20060502
143490,20060516
438817,20160821
167853,20071011
407307,20150628
341633,20130521
376605,20141130
591946,20210111
439680,20160910
341890,20130928
592596,20210613
438599,20160428
26175,20010928
376442,20140620
50837,20020530
252116,20100121
167869,20071027
341809,20130819
530570,20190118
277459,20111011
375359,20140211
438736,20160707
438829,20160827
341477,20130303
501163,20180403
342843,20131222
439623,20160704
225863,20090619
562451,20200502
278457,20111031
562923,20201111
26151,20010901
438694,20160616
531855,20190910
500542,20180831
74789,20030503
142711,20060310
562241,20200305
120342,20050101
376001,20141231
592400,20210620
562857,20201009
407790,20150110
563312,20200805
168527,20070911
439578,20160520
500419,20180629
341882,20130924
143647,20061028
500410,20180623
469955,20171007
167860,20071018
375885,20141103
196503,20080329
342609,20130218
438573,20160415
142863,20060809
96935,20040607
277515,20111108
120465,20050504
591913,20210103
375293,20140109
531150,20191109
530922,20190718
592125,20210403
26885,20010609
438830,20160827
563248,20200601
439047,20161217
563352,20200914
469790,20170716
531003,20190828
142919,20061009
225982,20091016
469647,20170504
225826,20090508
375960,20141211
341662,20130606
168353,20070321
252316,20100810
253470,20101110
500160,20180112
500311,20180413
226016,20091121
196586,20080713
407302,20150626
500395,20180615
563156,20200228
531954,20191218
406982,20150116
197217,20080404
168504,20070819
168371,20070408
341972,20131126
501108,20180205
439043,20161215
501226,20180618
500149,20180107
438802,20160811
376528,20140914
26057,20010525
277542,20111121
26921,20010715
120702,20051227
470579,20170513
407467,20151201
27001,20011003
167835,20070923
438872,20160917
376571,20141027
26978,20010910
501219,20180611
562893,20201028
531892,20191017
563036,20201213
341845,20130906
225272,20090911
562460,20200505
469527,20170225
26961,20010824
225093,20090306
51000,20021109
277461,20111012
342572,20130112
253271,20100415
408070,20151101
225322,20091031
341403,20130104
168467,20070713
277560,20111130
225805,20090412
531719,20190425
530843,20190609
500398,20180617
342814,20131123
225302,20091011
530931,20190723
309938,20120307
341470,20130206
439674,20160904
341444,20130124
278456,20111030
469567,20170317
26216,20011108
342687,20130719
143598,20060903
439542,20160414
27068,20011212
408082,20151113
531240,20191224
168325,20070221
3125,20000601
562503,20200528
592356,20210609
26214,20011106
342794,20131103
97803,20041213
97646,20040629
438507,20160313
310001,20120509
142978,20061207
167779,20070729
26894,20010618
226034,20091209
439489,20160221
500287,20180325
591995,20210208
225764,20090227
252128,20100202
562947,20201117
142911,20061001
225377,20091225
531666,20190303
168276,20070103
96964,20040706
25998,20010313
278252,20110306
3141,20000617
592486,20210214
375699,20140802
375702,20140804
562411,20200422
143576,20060812
563090,20201229
439716,20161024
562353,20200408
196652,20080917
376516,20140902
439450,20160113
500284,20180323
375299,20140112
225369,20091217
277498,20111030
3062,20000330
142783,20060521
50751,20020305
530870,20190622
500455,20180718
376460,20140708
252241,20100527
562441,20200430
375660,20140714
376312,20140210
50139,20020512
530612,20190209
27065,20011209
309438,20121003
225728,20090122
438576,20160416
119873,20050919
97685,20040807
167742,20070619
277344,20110616
406984,20150117
97770,20041110
225261,20090831
26253,20011220
376432,20140610
278512,20111225
168340,20070308
563405,20201110
469738,20170620
341606,20130507
562852,20201007
252146,20100220
562661,20200715
252372,20101005
225171,20090602
278253,20110307
376598,20141123
470060,20171215
342661,20130623
278243,20110206
278369,20110731
562376,20200414
342696,20130728
375329,20140127
277601,20111225
50878,20020710
407234,20150522
562674,20200722
252122,20100127
225916,20090811
167623,20070209
253480,20101120
407120,20150326
197417,20081030
119905,20051021
341526,20130328
225079,20090220
252279,20100704
167682,20070420
592043,20210226
167673,20070411
253202,20100204
309323,20120202
97033,20040919
470542,20170406
341472,20130207
591993,20210207
530902,20190708
253379,20100811
119966,20051221
470030,20171118
563068,20201224
253346,20100629
341635,20130522
278421,20110921
277400,20110823
438691,20160615
530949,20190801
225917,20090812
225857,20090613
439720,20161028
438409,20160108
408027,20150919
470066,20171218
531802,20190717
531764,20190609
225131,20090413
407982,20150804
225327,20091105
277369,20110711
439600,20160611
341923,20131030
309517,20121226
592317,20210530
167896,20071201
309889,20120117
196699,20081103
168547,20071001
167918,20071223
197384,20080927
562846,20201004
500521,20180820
563216,20200430
119891,20051007
225067,20090208
167795,20070814
26823,20010408
119755,20050522
592105,20210324
531961,20191225
407955,20150627
375859,20141021
3332,20001225
500705,20181129
277557,20111129
26083,20010620
500271,20180316
562775,20200902
225210,20090711
530643,20190225
225726,20090118
500370,20180601
439596,20160607
168450,20070626
500323,20180425
277351,20110623
120359,20050118
375985,20141223
167922,20071227
592539,20210408
469874,20170827
592020,20210217
96977,20040719
27056,20011127
119762,20050529
562404,20200421
439688,20160918
438523,20160321
253463,20101103
592275,20210519
469766,20170704
563163,20200308
341707,20130629
375839,20141011
50866,20020628
530910,20190712
469870,20170825
309914,20120212
167849,20071007
26868,20010523
50894,20020726
143649,20061030
500653,20181029
278309,20110601
196531,20080426
96857,20040224
592521,20210321
341509,20130320
501232,20180624
97113,20041219
407367,20150823
469435,20170108
142867,20060813
562756,20200824
562711,20200810
341797,20130813
501335,20181005
530617,20190211
50111,20020414
469517,20170220
74968,20031105
143387,20060202
375393,20140228
406971,20150110
142841,20060718
592141,20210409
375454,20140330
531866,20190921
438636,20160518
197213,20080331
50094,20020328
407981,20150803
253270,20100414
120607,20050923
3161,20000707
196539,20080504
142914,20061004
277293,20110315
500589,20180924
531657,20190222
74684,20030106
277484,20111023
470560,20170424
375713,20140809
530939,20190727
196648,20080913
225729,20090123
253408,20100909
26256,20011223
97573,20040414
376488,20140805
438518,20160318
27059,20011130
120470,20050509
500606,20181002
26264,20011231
563152,20200224
143672,20061122
438944,20161024
97818,20041228
500535,20180827
592593,20210610
96970,20040712
143594,20060830
470027,20171115
470455,20170109
592501,20210301
253230,20100304
530727,20190409
96818,20040115
120501,20050609
438622,20160509
375822,20141003
74964,20031101
143486,20060512
225298,20091007
530820,20190601
376576,20141101
225331,20091109
500305,20180407
407210,20150510
143524,20060619
500505,20180812
562746,20200820
470747,20171107
531639,20190204
341466,20130204
26817,20010402
531878,20191003
309328,20120204
375408,20140307
531856,20190911
563263,20200616
309382,20120417
531831,20190815
197328,20080802
120666,20051121
225337,20091115
225381,20091229
562436,20200429
197215,20080402
407040,20150214
592011,20210213
469735,20170619
591915,20210103
470704,20170919
167782,20070801
592203,20210429
143541,20060706
74801,20030515
225741,20090204
439445,20160108
407864,20150328
530791,20190516
74683,20030105
530705,20190328
252281,20100706
592288,20210523
531741,20190517
26102,20010709
197126,20080103
197477,20081229
562974,20201124
74870,20030728
563242,20200526
142729,20060328
530583,20190125
562450,20200502
50085,20020319
197341,20080815
375499,20140422
167643,20070312
438666,20160602
142890,20060910
341400,20130102
376358,20140328
469591,20170329
470723,20171008
376615,20141210
252216,20100502
3041,20000309
375450,20140328
253370,20100802
96817,20040114
469721,20170612
97048,20041004
470457,20170111
470597,20170531
97709,20040908
592446,20210105
342790,20131030
26152,20010902
97821,20041231
252323,20100817
562826,20200924
562686,20200728
97002,20040819
531749,20190525
563201,20200415
278399,20110830
375688,20140728
500251,20180227
309932,20120301
26022,20010418
439074,20161230
438999,20161121
26727,20010102
310009,20120517
531695,20190401
407479,20151213
26743,20010118
168296,20070123
119764,20050531
439459,20160122
592573,20210521
470056,20171213
500320,20180422
375437,20140322
197297,20080702
74994,20031201
531930,20191124
531905,20191030
376381,20140420
309415,20120910
26844,20010429
168433,20070609
562384,20200416
438914,20161009
562444,20200501
407100,20150316
142701,20060228
439521,20160324
74912,20030910
341978,20131129
120476,20050515
341763,20130727
376336,20140306
278268,20110323
375785,20140914
376547,20141003
97574,20040415
196749,20081223
225731,20090125
253316,20100530
341615,20130512
120466,20050505
592577,20210525
50989,20021029
375726,20140816
562175,20200218
225376,20091224
439626,20160707
26246,20011213
142948,20061107
50899,20020731
96876,20040314
50920,20020821
97581,20040422
225895,20090721
277604,20111226
438995,20161119
97571,20040412
591973,20210130
197222,20080418
376332,20140302
253172,20100103
375457,20140401
74961,20031029
97790,20041130
278515,20111228
531955,20191219
438587,20160422
3302,20001125
119717,20050414
197226,20080422
470561,20170425
562143,20200109
375972,20141217
531233,20191221
376286,20140115
592300,20210526
120561,20050808
562881,20201022
530996,20190824
530816,20190530
143604,20060909
500439,20180710
592547,20210416
74934,20031002
120692,20051217
469875,20170828
225732,20090126
119809,20050716
500242,20180222
469494,20170208
438472,20160218
375552,20140519
120422,20050322
26028,20010424
469661,20170511
119670,20050218
50058,20020220
592282,20210521
375689,20140728
470727,20171012
3101,20000508
470487,20170210
74808,20030522
531860,20190915
469632,20170426
97625,20040608
531019,20190905
562131,20200106
309425,20120920
563126,20200129
50945,20020915
562764,20200828
119801,20050708
562528,20200604
3121,20000528
341673,20130612
197465,20081217
225029,20090101
120660,20051115
168387,20070424
120357,20050116
376300,20140129
469478,20170131
119944,20051129
196592,20080719
562397,20200419
168416,20070523
501313,20180913
563334,20200827
439063,20161225
530780,20190510
407885,20150418
407056,20150222
253328,20100611
438458,20160204
376274,20140103
167810,20070829
562489,20200514
439500,20160303
225974,20091008
341637,20130523
3330,20001223
531883,20191008
375805,20140924
252381,20101014
225198,20090629
225354,20091202
277582,20111215
376398,20140507
562665,20200717
563390,20201022
439735,20161112
501369,20181112
470708,20170923
50040,20020129
26004,20010319
197163,20080210
501103,20180126
119900,20051016
252247,20100602
196444,20080130
119723,20050420
309896,20120124
470665,20170810
3084,20000421
225769,20090304
531014,20190902
407050,20150219
592270,20210518
439530,20160402
531832,20190816
470625,20170628
196458,20080213
407287,20150618
74851,20030709
197169,20080216
438942,20161023
438799,20160810
562304,20200327
438571,20160414
97019,20040905
530537,20190102
143512,20060607
341599,20130504
500343,20180514
277374,20110728
277566,20111203
75023,20031230
501418,20181231
407893,20150426
469876,20170828
407114,20150323
50128,20020501
252346,20100909
225786,20090321
225929,20090824
142910,20060930
120513,20050621
253357,20100710
167607,20070124
3236,20000920
168338,20070306
375387,20140225
143471,20060427
530919,20190717
97122,20041231
563204,20200418
563366,20200928
253242,20100317
143560,20060725
592276,20210520
225771,20090306
407471,20151205
500351,20180518
143700,20061220
375361,20140212
142986,20061215
563419,20201124
501197,20180520
530916,20190715
530783,20190512
27020,20011022
563040,20201214
562440,20200430
50992,20021101
531053,20190922
500358,20180526
592226,20210507
500593,20180926
375549,20140518
407497,20151231
309463,20121129
97738,20041007
407428,20151023
120634,20051020
97620,20040601
120675,20051130
438623,20160510
341816,20130822
197422,20081104
530681,20190316
562506,20200529
530608,20190207
438423,20160115
97118,20041224
376402,20140511
407090,20150311
562374,20200413
26789,20010305
439011,20161127
501265,20180727
27050,20011121
26038,20010506
501173,20180417
530839,20190607
26872,20010527
225368,20091216
530821,20190601
168424,20070531
50972,20021012
342728,20130829
562559,20200612
530860,20190617
341780,20130804
531898,20191023
470605,20170608
97795,20041205
406955,20150102
120615,20051001
225128,20090410
74905,20030903
51047,20021226
530535,20190101
438667,20160603
3140,20000616
50134,20020507
375306,20140115
142984,20061213
168473,20070719
407249,20150529
530793,20190517
50811,20020504
439731,20161108
50747,20020301
375672,20140720
253389,20100821
341574,20130421
167863,20071021
342017,20131225
253442,20101013
142858,20060804
143483,20060509
530885,20190630
530745,20190421
562509,20200530
439449,20160112
167639,20070308
375703,20140804
562647,20200710
500523,20180821
196618,20080814
562824,20200923
26922,20010716
407958,20150630
96913,20040514
501365,20181108
142691,20060218
501282,20180813
50906,20020807
469463,20170122
309921,20120219
408012,20150904
97792,20041202
74689,20030111
376405,20140514
470463,20170117
407069,20150228
167864,20071022
143417,20060304
408129,20151230
225830,20090512
438874,20160918
531843,20190829
500240,20180221
500721,20181217
142715,20060314
562982,20201126
50814,20020507
225170,20090601
592090,20210319
531909,20191103
3304,20001127
563175,20200320
168585,20071129
3208,20000823
375576,20140602
3045,20000313
252149,20100223
470615,20170618
26976,20010908
197273,20080608
97575,20040416
438779,20160731
3048,20000316
438976,20161109
562269,20200314
530891,20190703
225307,20091016
562523,20200602
592047,20210228
470555,20170419
375945,20141203
197361,20080904
252418,20101120
167701,20070509
531005,20190829
26850,20010505
407023,20150205
531256,20191229
591907,20210101
252454,20101226
309294,20120103
142790,20060528
501185,20180508
50768,20020322
50068,20020302
119690,20050310
74796,20030510
342673,20130705
439748,20161125
278472,20111115
375756,20140831
438503,20160311
74889,20030818
26233,20011130
592382,20210616
438969,20161106
563246,20200530
375453,20140330
196441,20080127
470635,20170708
97072,20041028
470031,20171119
342731,20130901
225849,20090603
119824,20050731
277539,20111120
277333,20110605
26002,20010317
408092,20151123
592364,20210611
341860,20130913
530676,20190314
225992,20091026
50048,20020210
168500,20070815
469966,20171012
120449,20050418
277436,20110928
196701,20081105
531238,20191223
341617,20130513
168516,20070831
309428,20120923
96975,20040717
531606,20190102
563345,20200907
278266,20110321
376418,20140527
439577,20160519
50144,20020517
439452,20160115
376420,20140529
96931,20040603
197269,20080604
143565,20060801
97751,20041022
563292,20200716
591948,20210112
252379,20101012
562705,20200809
3310,20001203
168281,20070108
197360,20080903
406988,20150119
143414,20060301
342616,20130225
119767,20050603
563074,20201225
375665,20140716
563370,20201002
253494,20101227
225926,20090821
27045,20011116
408028,20150920
530572,20190119
97021,20040907
119822,20050729
375662,20140715
50974,20021014
3238,20000922
531675,20190312
26139,20010820
196739,20081213
530847,20190611
531920,20191114
562415,20200423
253482,20101215
252120,20100125
407929,20150601
143686,20061206
50739,20020221
375351,20140207
407798,20150118
531798,20190713
341642,20130525
562515,20200531
439590,20160601
167914,20071219
341991,20131206
310034,20120812
407486,20151220
309315,20120129
500256,20180307
530700,20190326
407897,20150430
342670,20130702
562321,20200331
438846,20160904
142877,20060828
97656,20040709
376609,20141204
407448,20151112
407030,20150209
253337,20100620
592433,20210628
225109,20090322
252225,20100511
592436,20210629
277250,20110114
531708,20190414
375481,20140413
562360,20200410
530906,20190710
3327,20001220
277610,20111229
438968,20161105
531690,20190327
563157,20200229
500270,20180316
97008,20040825
563258,20200611
438822,20160823
341851,20130909
592000,20210210
96889,20040327
407359,20150815
439441,20160104
563206,20200420
309445,20121120
563293,20200717
225207,20090708
225876,20090702
407229,20150519
143457,20060413
97627,20040610
530554,20190110
167720,20070528
143580,20060816
341941,20131111
143693,20061213
438986,20161114
530586,20190126
469858,20170819
341429,20130117
3185,20000731
253410,20100911
143691,20061211
252350,20100913
277503,20111102
592231,20210508
225911,20090806
375537,20140511
168300,20070127
376374,20140413
500579,20180919
376592,20141117
501110,20180207
96886,20040324
309404,20120428
376595,20141120
531258,20191230
562605,20200628
531048,20190919
96961,20040703
375394,20140228
563417,20201122
592481,20210209
469879,20170830
252156,20100302
407319,20150706
120539,20050717
143468,20060424
341783,20130806
119698,20050326
563139,20200211
591972,20210130
97585,20040426
50893,20020725
97068,20041024
97042,20040928
277388,20110811
407833,20150225
167884,20071111
50104,20020407
277372,20110714
197394,20081007
167850,20071008
562445,20200501
500335,20180507
407852,20150316
563225,20200509
592324,20210601
97723,20040922
309483,20121209
375851,20141017
531235,20191222
562156,20200112
278249,20110303
252236,20100522
342774,20131014
197324,20080729
469466,20170124
407086,20150309
407027,20150207
530605,20190205
3215,20000830
252314,20100808
563356,20200918
592079,20210313
375706,20140806
469703,20170603
310033,20120811
562630,20200706
252220,20100506
253215,20100217
97036,20040922
342652,20130614
563151,20200223
500213,20180208
500369,20180601
142856,20060802
120621,20051007
96944,20040616
531059,20190925
225891,20090717
26875,20010530
278313,20110605
3098,20000505
309390,20120421
309466,20121130
143547,20060712
592352,20210608
309476,20121205
253234,20100309
439746,20161123
277270,20110220
470672,20170817
592178,20210422
563180,20200325
375438,20140322
167695,20070503
27075,20011219
376575,20141031
120363,20050122
562207,20200226
278374,20110805
438722,20160630
3282,20001105
196474,20080229
469713,20170608
168282,20070109
253430,20101001
500190,20180127
470531,20170326
438778,20160730
407250,20150530
97091,20041116
341567,20130418
438494,20160306
375479,20140412
342733,20130903
407246,20150528
119811,20050718
225230,20090731
342685,20130717
562187,20200221
50096,20020330
167734,20070611
531699,20190405
142885,20060905
375595,20140611
562951,20201118
375364,20140213
500277,20180319
277495,20111029
74984,20031121
563220,20200504
530614,20190210
277283,20110305
97791,20041201
309400,20120426
531228,20191218
563193,20200407
375952,20141207
591964,20210123
470715,20170930
225847,20090529
530730,20190410
438574,20160415
469995,20171027
470087,20171229
501401,20181214
97605,20040516
563391,20201023
167675,20070413
342808,20131117
375360,20140211
438428,20160118
407371,20150827
225227,20090728
438774,20160726
531154,20191111
168298,20070125
252169,20100316
168315,20070211
197344,20080818
143459,20060415
226013,20091118
562399,20200419
438923,20161014
375906,20141114
50118,20020421
500607,20181003
592058,20210306
562641,20200708
531790,20190705
563278,20200701
563244,20200528
309291,20120101
26082,20010619
562891,20201027
407812,20150201
531950,20191214
120347,20050106
376279,20140108
439581,20160523
277583,20111216
376582,20141107
563158,20200303
197195,20080313
562350,20200407
438889,20160927
531715,20190421
142850,20060727
563062,20201222
277423,20110915
592394,20210619
406972,20150111
563245,20200529
143428,20060315
225107,20090320
225151,20090503
252275,20100630
592150,20210412
562364,20200411
562798,20200913
469505,20170214
562803,20200914
341425,20130115
531207,20191208
501342,20181012
341953,20131117
562270,20200314
530878,20190626
3338,20001231
438833,20160829
120522,20050630
50967,20021007
375396,20140301
26804,20010320
469994,20171026
142965,20061124
119658,20050206
375668,20140718
341840,20130903
375434,20140320
562987,20201127
27006,20011008
375635,20140701
592366,20210612
167848,20071006
591987,20210205
592367,20210612
530846,20190610
470484,20170207
439580,20160522
438823,20160824
341666,20130608
143455,20060411
531788,20190703
501316,20180916
469815,20170729
592144,20210410
26759,20010203
96990,20040801
438762,20160720
225251,20090821
562265,20200311
501405,20181218
50764,20020318
342021,20131227
278428,20110928
168607,20071221
26761,20010205
341643,20130528
97748,20041017
530893,20190704
26924,20010718
3272,20001026
252192,20100408
375317,20140121
142959,20061118
168455,20070701
26892,20010616
225902,20090728
50765,20020319
167642,20070311
438564,20160410
592075,20210311
51007,20021116
167674,20070412
407841,20150305
197144,20080121
50962,20021002
407808,20150128
562664,20200717
26128,20010809
562843,20201002
119806,20050713
197325,20080730
375586,20140607
500364,20180529
438678,20160608
469842,20170811
470748,20171108
142902,20060922
562578,20200617
592478,20210206
408018,20150910
26736,20010111
168506,20070821
119783,20050619
562914,20201109
375750,20140828
438703,20160621
531660,20190225
341578,20130423
342627,20130420
563057,20201220
50749,20020303
341619,20130514
438697,20160618
376540,20140926
168475,20070721
277526,20111113
50110,20020413
142753,20060421
277241,20110105
531088,20191009
531700,20190406
197187,20080305
342763,20131003
591921,20210105
253250,20100325
197298,20080703
225320,20091029
407364,20150820
375371,20140217
97111,20041217
26896,20010620
277324,20110415
531036,20190913
592312,20210529
26832,20010417
225073,20090214
119872,20050918
252287,20100712
562155,20200112
119867,20050913
142921,20061011
277292,20110314
26089,20010626
278381,20110812
225788,20090324
341692,20130621
501327,20180927
562736,20200817
531770,20190615
562902,20201101
562940,20201115
252333,20100827
252357,20100920
501357,20181031
531142,20191105
438773,20160726
26734,20010109
196643,20080908
225294,20091003
225037,20090109
168579,20071123
120705,20051230
592350,20210608
309432,20120927
196667,20081002
341781,20130805
530545,20190106
563066,20201223
51038,20021217
119799,20050706
563205,20200419
407278,20150614
97121,20041230
341474,20130301
408097,20151128
341940,20131110
252386,20101019
309911,20120209
469902,20170910
225104,20090317
531614,20190110
407947,20150619
277497,20111030
592428,20210627
469797,20170720
375439,20140323
167857,20071015
167881,20071108
309443,20121008
143411,20060226
252168,20100315
376611,20141206
500319,20180421
252227,20100513
375547,20140517
3064,20000401
375875,20141029
142963,20061122
438886,20160925
119797,20050704
196548,20080513
530662,20190307
278344,20110706
563170,20200315
225315,20091024
562332,20200403
143564,20060731
3114,20000521
26021,20010417
563267,20200620
225942,20090906
563075,20201225
277371,20110713
407385,20150910
563448,20201225
501285,20180816
500205,20180204
143705,20061225
563338,20200831
469604,20170404
97713,20040912
74911,20030909
142686,20060213
74836,20030624
50987,20021027
196608,20080804
142789,20060527
341737,20130714
197266,20080601
531873,20190928
3083,20000420
342756,20130926
225869,20090625
531902,20191027
278323,20110615
439696,20160926
439001,20161122
309974,20120412
591930,20210107
408071,20151102
562747,20200820
196562,20080619
592384,20210616
50865,20020627
562701,20200808
562959,20201120
530668,20190310
50755,20020309
407443,20151107
120669,20051124
277440,20111001
253425,20100926
277510,20111105
500258,20180308
50927,20020828
375375,20140219
341711,20130701
252394,20101027
143570,20060806
470044,20171202
501275,20180806
50026,20020107
309374,20120413
168402,20070509
562787,20200908
50943,20020913
562717,20200812
375354,20140208
438579,20160418
407042,20150215
592599,20210616
225374,20091222
563408,20201113
197418,20081031
253353,20100706
562185,20200220
375400,20140303
50841,20020603
142931,20061021
562283,20200318
96932,20040604
341452,20130128
3253,20001007
408081,20151112
197432,20081114
592193,20210426
97595,20040506
97628,20040611
531626,20190122
74904,20030902
500259,20180309
563403,20201108
196642,20080907
74771,20030412
252211,20100427
196600,20080727
469893,20170906
376411,20140520
97049,20041005
470606,20170609
530992,20190822
142779,20060517
277561,20111201
142664,20060118
438917,20161011
375584,20140606
50820,20020513
470569,20170503
142751,20060419
74744,20030313
252302,20100727
50758,20020312
407970,20150712
562901,20201101
97067,20041023
562141,20200108
375493,20140419
119676,20050224
501320,20180920
439685,20160915
563122,20200125
310020,20120528
439499,20160302
375461,20140403
376436,20140614
375350,20140206
253225,20100227
438701,20160620
50727,20020209
562684,20200727
469782,20170712
341981,20131201
407054,20150221
119932,20051117
309333,20120207
167705,20070513
407058,20150223
469584,20170325
168543,20070927
143454,20060410
376316,20140214
309978,20120416
375422,20140314
253174,20100105
439518,20160321
167923,20071228
142924,20061014
119858,20050904
469856,20170818
469709,20170606
501180,20180424
50074,20020308
438771,20160725
562245,20200306
143579,20060815
562908,20201106
562140,20200108
342672,20130704
196675,20081010
26756,20010131
563375,20201007
142891,20060911
50055,20020217
592192,20210426
196591,20080718
142794,20060601
500215,20180209
341735,20130713
530591,20190129
438789,20160805
408029,20150921
500336,20180508
252229,20100515
438431,20160119
470554,20170418
563281,20200705
408110,20151211
50044,20020206
120475,20050514
167648,20070317
167797,20070816
142776,20060514
407068,20150228
375448,20140327
562551,20200610
3184,20000730
277237,20110101
470496,20170219
277399,20110822
97811,20041221
277550,20111125
74832,20030620
530760,20190430
439531,20160403
407488,20151222
341640,20130524
142860,20060806
225120,20090402
197262,20080528
562963,20201121
469685,20170524
96973,20040715
375579,20140603
143620,20061001
500617,20181008
26825,20010410
277296,20110318
168461,20070707
407358,20150814
3286,20001109
50799,20020422
143374,20060120
51043,20021222
197348,20080822
26110,20010717
278247,20110301
563324,20200817
375609,20140618
50091,20020325
563217,20200501
375475,20140410
26777,20010221
469676,20170519
562243,20200306
3336,20001229
408128,20151229
196635,20080831
26107,20010714
253487,20101220
309436,20121001
50881,20020713
26156,20010906
197181,20080228
97070,20041026
500619,20181009
143365,20060111
277596,20111222
470008,20171102
439006,20161124
225853,20090609
470058,20171214
3109,20000516
277586,20111217
408124,20151225
225221,20090722
439772,20161220
592417,20210624
26905,20010629
407339,20150726
375792,20140918
277382,20110805
167696,20070504
252393,20101026
168468,20070714
26911,20010705
168447,20070623
252428,20101130
253286,20100430
120579,20050826
376607,20141202
438742,20160710
197214,20080401
501262,20180724
341968,20131124
375828,20141006
469480,20170201
3177,20000723
562202,20200224
142728,20060327
50070,20020304
469436,20170109
531697,20190403
469693,20170528
375566,20140526
51040,20021219
341959,20131120
309489,20121212
142775,20060513
562176,20200218
592215,20210502
500618,20181008
252138,20100212
438592,20160424
376314,20140212
591945,20210111
562639,20200708
309913,20120211
50043,20020205
142769,20060507
167725,20070602
342783,20131023
501119,20180216
119850,20050827
531241,20191225
3200,20000815
143363,20060109
225295,20091004
119795,20050702
407924,20150527
50871,20020703
278338,20110630
469758,20170630
592189,20210425
408087,20151118
438474,20160220
277603,20111226
439570,20160512
142808,20060615
376306,20140204
563454,20201231
252150,20100224
168410,20070517
500603,20181001
342010,20131215
592607,20210624
253201,20100203
530580,20190123
591916,20210103
196668,20081003
197381,20080924
74750,20030322
500210,20180206
408041,20151003
563364,20200926
407872,20150405
3115,20000522
375599,20140613
119686,20050306
563290,20200714
3251,20001005
500454,20180718
120484,20050523
309481,20121208
119868,20050914
469803,20170723
531123,20191027
74710,20030201
500444,20180713
225941,20090905
342027,20131230
407363,20150819
225333,20091111
97059,20041015
196623,20080819
562642,20200709
97654,20040707
407025,20150206
278290,20110513
375671,20140719
196515,20080410
563238,20200522
375607,20140617
26997,20010929
142993,20061222
309312,20120127
438558,20160407
168327,20070223
277472,20111017
226024,20091129
439657,20160811
470549,20170413
168347,20070315
341663,20130607
592074,20210311
74925,20030923
120632,20051018
97820,20041230
277273,20110223
531638,20190203
27066,20011210
562428,20200427
470703,20170918
470674,20170819
531015,20190903
562368,20200412
500276,20180319
439719,20161027
562228,20200302
407492,20151226
376326,20140224
168426,20070602
277355,20110627
500677,20181111
50856,20020618
375521,20140503
375311,20140118
591967,20210126
376403,20140512
563129,20200201
470582,20170516
96965,20040707
51024,20021203
120481,20050520
531103,20191017
375452,20140329
469626,20170423
375455,20140331
530858,20190616
26742,20010117
530781,20190511
167661,20070330
3071,20000408
407476,20151210
252268,20100623
143695,20061215
252160,20100307
142734,20060402
592500,20210228
342742,20130912
562828,20200925
500707,20181130
225716,20090108
142819,20060626
375443,20140325
592010,20210213
407293,20150621
470021,20171109
562623,20200704
253447,20101018
563331,20200824
197197,20080315
500219,20180211
501216,20180608
143523,20060618
469840,20170810
253416,20100917
439050,20161218
563186,20200331
341933,20131107
375982,20141222
278476,20111119
407949,20150621
278359,20110721
438688,20160613
341456,20130130
375779,20140911
562586,20200619
438991,20161117
375948,20141205
500658,20181101
252218,20100504
143491,20060517
97677,20040730
531042,20190916
470520,20170315
439618,20160629
438535,20160327
592377,20210614
592127,20210404
225303,20091012
500608,20181003
438744,20160711
375613,20140620
469594,20170330
562302,20200326
142720,20060319
225720,20090112
501204,20180527
26923,20010717
3234,20000918
562501,20200528
225959,20090923
50868,20020630
438935,20161020
197386,20080929
438875,20160919
196634,20080830
197229,20080425
501378,20181121
309325,20120203
310021,20120529
376414,20140523
142940,20061030
168561,20071105
342777,20131017
531662,20190227
469993,20171026
407217,20150513
225817,20090428
407873,20150406
375528,20140506
120404,20050304
96842,20040209
407903,20150506
120459,20050428
530854,20190614
97758,20041029
407976,20150721
120628,20051014
97050,20041006
196672,20081007
562818,20200920
500450,20180716
375791,20140917
74846,20030704
563306,20200730
120425,20050325
50079,20020313
342840,20131219
375397,20140302
196755,20081229
562992,20201128
309953,20120322
120593,20050909
530739,20190417
531230,20191219
27070,20011214
438407,20160107
375825,20141004
470532,20170327
530913,20190714
376429,20140607
592255,20210514
225963,20090927
406993,20150121
407491,20151225
341771,20130731
278395,20110826
97693,20040815
278429,20110929
142761,20060429
408119,20151220
438755,20160717
253399,20100831
500441,20180711
501415,20181228
439591,20160602
562231,20200303
407163,20150416
120643,20051029
341616,20130512
341901,20131004
375918,20141120
376351,20140321
3051,20000319
167660,20070329
277595,20111222
97658,20040711
167784,20070803
562358,20200409
470492,20170215
562333,20200403
252163,20100310
531642,20190207
197366,20080909
376465,20140713
562968,20201122
563003,20201201
563287,20200711
470638,20170711
253371,20100803
438900,20161002
252432,20101204
119781,20050617
562113,20200101
562181,20200219
562276,20200316
97779,20041119
277599,20111224
592538,20210407
50761,20020315
500261,20180311
469813,20170728
562314,20200329
119786,20050622
142766,20060504
168609,20071223
469976,20171017
142732,20060331
438929,20161017
562766,20200829
563070,20201224
407327,20150714
470709,20170924
74746,20030318
438720,20160629
252246,20100601
563421,20201126
407938,20150610
342008,20131214
143393,20060208
501304,20180904
500652,20181028
438430,20160119
375978,20141220
278498,20111211
120504,20050612
562573,20200615
253231,20100305
97679,20040801
253310,20100524
120639,20051025
408031,20150923
375392,20140227
470001,20171030
469888,20170903
342626,20130419
470656,20170801
341999,20131210
469671,20170516
408091,20151122
225357,20091205
74733,20030224
376563,20141019
562471,20200508
438851,20160907
277256,20110206
97092,20041117
168345,20070313
225124,20090406
563203,20200417
562919,20201110
562242,20200305
438783,20160802
469991,20171025
562359,20200409
592340,20210605
592197,20210427
562431,20200427
500282,20180322
196673,20081008
438497,20160308
97013,20040830
500362,20180528
562468,20200507
119715,20050412
119798,20050705
3068,20000405
142869,20060815
120629,20051015
376406,20140515
197143,20080120
531815,20190730
469839,20170810
375881,20141101
342614,20130223
342684,20130716
438659,20160530
562256,20200309
278286,20110509
438932,20161018
408049,20151011
341980,20131130
470757,20171127
341823,20130826
563114,20200117
531724,20190430
26748,20010123
252382,20101015
407405,20150930
26257,20011224
531939,20191203
407445,20151109
501341,20181011
278501,20111214
469717,20170610
407390,20150915
25992,20010307
278231,20110125
562949,20201117
342592,20130201
225718,20090110
253236,20100311
562396,20200419
375819,20141001
406980,20150115
500153,20180109
531811,20190726
375380,20140221
341911,20131009
531114,20191022
562456,20200504
27030,20011101
341888,20130927
531761,20190606
196707,20081111
407235,20150522
252329,20100823
143410,20060225
50897,20020729
119624,20050103
469565,20170316
143376,20060122
309918,20120216
407281,20150615
469674,20170518
27038,20011109
438448,20160128
309505,20121220
225856,20090612
439574,20160516
439659,20160813
376334,20140304
563301,20200725
375303,20140114
142939,20061029
119802,20050709
278264,20110319
341974,20131127
439014,20161128
562602,20200627
407034,20150211
277336,20110608
500337,20180509
341677,20130614
225154,20090506
531613,20190109
375811,20140927
439474,20160206
469819,20170731
309303,20120109
341700,20130625
97097,20041122
470054,20171212
3087,20000424
469935,20170927
531736,20190512
470036,20171124
562839,20200930
50704,20020117
96851,20040218
530963,20190808
74896,20030825
501199,20180522
470025,20171113
277417,20110909
376608,20141203
342655,20130617
563099,20200102
375332,20140128
96976,20040718
500516,20180818
469582,20170324
531026,20190908
225116,20090329
197457,20081209
500302,20180404
310052,20121216
438422,20160115
470634,20170707
375863,20141023
119766,20050602
225213,20090714
562558,20200612
51032,20021211
530582,20190124
500704,20181128
563142,20200214
253178,20100109
277540,20111120
50031,20020112
563257,20200610
501308,20180908
500561,20180909
120438,20050407
562263,20200311
375704,20140805
120688,20051213
342772,20131012
277464,20111013
376602,20141127
530756,20190428
96825,20040122
500265,20180313
342845,20131224
470764,20171204
167752,20070702
142714,20060313
342786,20131026
142726,20060325
143596,20060901
531814,20190729
439628,20160709
563055,20201219
97813,20041223
252425,20101127
3250,20001004
309504,20121219
407139,20150404
142832,20060709
562913,20201108
500477,20180729
563264,20200617
342573,20130113
376634,20141229
26816,20010401
225141,20090423
407402,20150927
438398,20160103
120538,20050716
591960,20210119
168411,20070518
563337,20200830
500741,20181230
439461,20160124
3284,20001107
500254,20180228
439000,20161121
143702,20061222
278262,20110317
469707,20170605
342004,20131212
438766,20160722
26186,20011009
530771,20190506
74719,20030210
469958,20171008
530838,20190606
438653,20160527
26909,20010703
225833,20090515
278383,20110814
375348,20140205
26917,20010711
26091,20010628
342000,20131210
253260,20100404
74785,20030429
74743,20030312
375814,20140929
74886,20030813
225841,20090523
531916,20191110
375622,20140625
563377,20201009
376410,20140519
501370,20181113
3046,20000314
119884,20050930
342682,20130714
143447,20060403
406964,20150107
196429,20080115
74762,20030403
278442,20111016
277496,20111029
375871,20141027
563046,20201216
143539,20060704
439608,20160619
196494,20080320
26765,20010209
530641,20190224
252318,20100812
120627,20051013
469611,20170408
407900,20150503
531846,20190901
143561,20060726
407909,20150512
563105,20200108
563382,20201014
97705,20040904
563213,20200427
500288,20180326
341454,20130129
3146,20000622
469714,20170608
225238,20090808
563241,20200525
97614,20040525
500218,20180210
562335,20200403
563269,20200622
592308,20210528
96847,20040214
375783,20140913
26036,20010504
438748,20160713
470478,20170201
142824,20060701
469601,20170403
562419,20200424
167751,20070701
252385,20101018
74767,20030408
562991,20201128
592262,20210516
96952,20040624
225138,20090420
439686,20160916
469501,20170212
97759,20041030
563265,20200618
563042,20201215
376375,20140414
27047,20011118
562725,20200814
500378,20180606
26786,20010302
531870,20190925
562904,20201102
253196,20100127
342598,20130207
530646,20190227
143663,20061113
375587,20140607
592194,20210426
310019,20120527
142990,20061219
439563,20160505
592368,20210612
225723,20090115
530942,20190728
562860,20201011
439561,20160503
252100,20100105
197425,20081107
562423,20200425
225753,20090216
500499,20180809
252306,20100731
469923,20170921
438664,20160601
375477,20140411
563268,20200621
309341,20120211
438958,20161031
562224,20200301
591996,20210209
143546,20060711
252447,20101219
439652,20160802
469726,20170614
342828,20131207
469548,20170307
562700,20200808
342729,20130830
592069,20210309
74686,20030108
27009,20011011
375860,20141022
26960,20010823
563207,20200421
168598,20071212
530795,20190518
408045,20151007
500463,20180722
196540,20080505
143520,20060615
74701,20030123
469700,20170531
592095,20210320
277474,20111018
501202,20180525
439665,20160826
530982,20190817
563420,20201125
277291,20110313
27053,20011124
142768,20060506
408078,20151109
50776,20020330
225270,20090909
530673,20190312
531717,20190423
309503,20121219
120594,20050910
225055,20090127
439454,20160117
439529,20160401
143501,20060527
143687,20061207
96943,20040615
470072,20171221
26801,20010317
563137,20200209
531806,20190721
50792,20020415
143409,20060224
278414,20110914
142804,20060611
562863,20201012
252132,20100206
407346,20150802
531688,20190325
197242,20080508
26929,20010723
439476,20160208
309362,20120407
51036,20021215
376479,20140727
439602,20160613
563100,20200103
500414,20180625
96821,20040118
407433,20151028
253372,20100804
407435,20151030
74913,20030911
342764,20131004
562116,20200102
50982,20021022
562425,20200426
168570,20071114
531865,20190920
97664,20040717
341644,20130528
439756,20161203
26065,20010602
562822,20200922
563004,20201201
592195,20210426
309486,20121210
342016,20131224
142952,20061111
375981,20141221
225301,20091010
167901,20071206
342020,20131226
530602,20190203
501213,20180605
592516,20210316
470059,20171215
119870,20050916
407424,20151019
438937,20161021
562962,20201121
278267,20110322
375910,20141116
375824,20141004
591924,20210105
438997,20161120
225082,20090223
119746,20050513
253457,20101028
530831,20190604
439062,20161224
470645,20170721
376379,20140418
439031,20161209
26901,20010625
592071,20210310
470749,20171113
120443,20050412
500443,20180712
438699,20160619
277575,20111208
310065,20121229
97729,20040928
375525,20140505
225208,20090709
253299,20100513
469498,20170210
562632,20200706
530924,20190719
563110,20200113
277444,20111003
375679,20140723
143495,20060521
592564,20210503
407422,20151017
253485,20101218
119674,20050222
530600,20190202
375589,20140608
469530,20170226
500338,20180510
97014,20040831
531119,20191025
563317,20200810
196731,20081205
591940,20210110
253269,20100413
563373,20201005
252377,20101010
74871,20030729
341482,20130305
439612,20160623
469635,20170428
197409,20081022
407442,20151106
562524,20200603
167813,20070901
252398,20101031
501256,20180718
501397,20181210
51010,20021119
563307,20200731
97009,20040826
342735,20130905
562462,20200506
406962,20150106
253475,20101115
168586,20071130
143521,20060616
438782,20160801
375812,20140928
407889,20150422
501307,20180907
167754,20070704
341562,20130415
51035,20021214
278279,20110403
592055,20210304
74813,20030527
562548,20200609
470518,20170313
26034,20010502
592556,20210425
252317,20100811
376360,20140330
530702,20190327
407073,20150302
277362,20110704
26211,20011103
342799,20131108
531227,20191218
562988,20201127
50147,20020520
74970,20031107
341987,20131204
469456,20170119
168578,20071122
3188,20000803
375464,20140404
119841,20050818
375432,20140319
167625,20070211
530844,20190609
375505,20140425
531249,20191228
469578,20170322
375937,20141129
563080,20201227
407913,20150516
341463,20130203
592209,20210501
531779,20190624
278362,20110724
375795,20140919
592050,20210302
563038,20201214
309435,20120930
592472,20210131
120420,20050320
375637,20140702
531234,20191221
74781,20030422
167689,20070427
252449,20101221
197473,20081225
592065,20210308
408067,20151029
26050,20010518
500720,20181216
167631,20070228
278390,20110821
407809,20150129
438586,20160421
342666,20130628
563191,20200405
500614,20181006
592196,20210427
501337,20181007
96813,20040110
407796,20150116
592131,20210406
530968,20190810
341872,20130919
341805,20130817
143586,20060822
120379,20050207
26915,20010709
406970,20150110
530803,20190522
143689,20061209
252345,20100908
375377,20140220
469440,20170111
26869,20010524
253492,20101225
407061,20150224
592286,20210522
500449,20180715
469679,20170521
342760,20130930
408104,20151205
119814,20050721
225190,20090621
252325,20100819
309467,20121201
562526,20200603
252251,20100606
341936,20131108
375542,20140514
562150,20200110
531625,20190121
27015,20011017
438462,20160208
500400,20180618
500567,20180913
375755,20140830
406991,20150120
197467,20081219
407167,20150418
501332,20181002
376378,20140417
253438,20101009
500640,20181020
342820,20131129
562732,20200816
438629,20160513
438593,20160425
225091,20090304
438421,20160114
375486,20140415
563052,20201218
167693,20070501
375550,20140518
96840,20040207
226051,20091226
469817,20170730
278251,20110305
26887,20010611
438502,20160310
96900,20040501
120352,20050111
530974,20190813
341532,20130331
501391,20181204
592166,20210419
143476,20060502
469788,20170715
531665,20190302
50996,20021105
143458,20060414
341411,20130108
375747,20140826
592173,20210420
375347,20140205
225879,20090705
375977,20141219
407310,20150630
225088,20090301
562730,20200816
500373,20180603
97579,20040420
375623,20140625
3268,20001022
252387,20101020
501376,20181119
408047,20151009
119721,20050418
531093,20191012
469800,20170721
469683,20170523
500580,20180919
277386,20110809
375627,20140627
563239,20200523
197234,20080430
278234,20110128
469539,20170303
342712,20130813
439606,20160617
74855,20030713
592603,20210620
500470,20180726
75014,20031221
27057,20011128
375903,20141112
592334,20210604
142822,20060629
341581,20130425
97115,20041221
501379,20181122
119765,20050601
592583,20210531
341664,20130607
592030,20210220
562838,20200930
531633,20190129
168290,20070117
26094,20010701
225956,20090920
439053,20161220
196472,20080227
500239,20180221
143616,20060921
226053,20091228
562323,20200331
168497,20070812
168286,20070113
407848,20150312
225255,20090825
531760,20190605
74742,20030311
531837,20190823
500676,20181110
407199,20150504
96877,20040315
253281,20100425
120391,20050219
119838,20050814
225802,20090409
562753,20200822
277573,20111207
375545,20140516
50698,20020107
143711,20061231
592271,20210518
278294,20110517
26179,20011002
168313,20070209
563134,20200206
375737,20140821
530747,20190422
592002,20210211
120403,20050303
439661,20160815
50889,20020721
562809,20200916
501281,20180812
197172,20080219
530622,20190214
309449,20121122
562885,20201024
562219,20200229
97078,20041103
592176,20210421
142787,20060525
407952,20150624
438804,20160812
500434,20180707
376370,20140409
531067,20190929
143382,20060128
167878,20071105
500739,20181229
50904,20020805
277412,20110904
562722,20200813
341412,20130108
501106,20180203
341515,20130323
500698,20181125
143683,20061203
225986,20091020
225194,20090625
26014,20010329
407840,20150304
341949,20131115
197170,20080217
563020,20201205
439660,20160814
469488,20170205
375907,20141114
3127,20000603
25994,20010309
407478,20151212
50938,20020908
143424,20060311
74716,20030207
470535,20170330
407971,20150713
375971,20141216
469485,20170204
27083,20011227
196607,20080803
469900,20170909
439051,20161219
168378,20070415
120699,20051224
74859,20030717
196432,20080118
278326,20110618
500241,20180222
253177,20100108
438511,20160315
120442,20050411
278490,20111203
167789,20070808
501130,20180227
531641,20190206
167744,20070621
439016,20161129
530768,20190504
142722,20060321
341422,20130113
408072,20151103
96852,20040219
3091,20000428
196706,20081110
197133,20080110
438983,20161113
407251,20150530
439754,20161201
438399,20160103
119714,20050411
167636,20070305
197326,20080731
142748,20060416
26880,20010604
341955,20131118
501224,20180616
469941,20170930
501166,20180406
342001,20131211
501288,20180819
119680,20050228
27086,20011230
342562,20130102
143395,20060210
225241,20090811
97653,20040706
375523,20140504
469770,20170706
96947,20040619
469835,20170808
470521,20170316
470612,20170615
501266,20180728
439767,20161214
196597,20080724
143553,20060718
592093,20210319
439705,20161005
225966,20090930
375440,20140323
592477,20210205
375507,20140426
119628,20050107
562697,20200806
253351,20100704
562978,20201125
120344,20050103
501171,20180415
375846,20141015
97727,20040926
341740,20130715
277323,20110414
531138,20191103
531250,20191228
167737,20070614
470712,20170927
591957,20210116
253349,20100702
197291,20080626
96980,20040722
375277,20140101
530871,20190623
26866,20010521
342780,20131020
469982,20171020
50964,20021004
469953,20171006
309334,20120207
562365,20200411
562232,20200303
196720,20081124
469810,20170726
3135,20000611
197449,20081201
407818,20150210
278480,20111123
341564,20130416
562315,20200329
500605,20181002
196545,20080510
531885,20191010
407414,20151009
438646,20160523
120706,20051231
278407,20110907
531089,20191010
500584,20180921
592375,20210614
531783,20190628
50770,20020324
500634,20181016
26812,20010328
530599,20190202
562491,20200515
469731,20170617
26189,20011012
278300,20110523
196644,20080909
196437,20080123
530867,20190621
342702,20130803
562517,20200601
3240,20000924
407378,20150903
531180,20191124
469621,20170421
341535,20130402
563176,20200321
225046,20090118
470007,20171102
225951,20090915
74830,20030618
50141,20020514
225130,20090412
501284,20180815
120559,20050806
375990,20141226
119843,20050820
27005,20011007
225759,20090222
277479,20111021
342699,20130731
143400,20060215
342618,20130227
438876,20160919
225111,20090324
375879,20141031
470462,20170116
197461,20081213
342827,20131206
562311,20200328
501208,20180531
562921,20201110
562127,20200105
342623,20130304
408043,20151005
26914,20010708
376543,20140929
438813,20160819
142958,20061117
252378,20101011
500504,20180812
277517,20111109
375300,20140112
531691,20190328
309395,20120424
225743,20090206
197405,20081018
562851,20201006
277488,20111025
26161,20010911
407295,20150622
119664,20050212
500451,20180716
470028,20171116
278314,20110606
277451,20111007
96863,20040301
563089,20201229
500224,20180213
469970,20171014
167658,20070327
120524,20050702
563094,20201230
143436,20060323
119817,20050724
469481,20170202
168417,20070524
119827,20050803
438827,20160826
168541,20070925
375562,20140524
341782,20130805
407243,20150526
530895,20190705
26172,20010922
342753,20130923
277521,20111111
376423,20140601
531065,20190928
439037,20161212
592489,20210217
563449,20201226
74848,20030706
438394,20160101
277348,20110620
309433,20120928
119835,20050811
563030,20201210
469538,20170302
375470,20140407
310017,20120525
563310,20200803
309993,20120501
342580,20130120
50909,20020810
197404,20081017
74685,20030107
375425,20140316
119712,20050409
470743,20171103
277280,20110302
120586,20050902
50757,20020311
341519,20130325
97680,20040802
143388,20060203
375694,20140731
375670,20140719
341649,20130531
96824,20040121
530828,20190603
278389,20110820
277396,20110819
407962,20150704
438441,20160124
500592,20180925
168608,20071222
407092,20150312
592316,20210530
277612,20111230
197174,20080221
438443,20160125
407321,20150708
500735,20181227
143603,20060908
51033,20021212
27071,20011215
470571,20170505
563031,20201210
562689,20200729
309958,20120327
438913,20161009
143532,20060627
252240,20100526
407896,20150429
277505,20111103
119849,20050826
407403,20150928
120649,20051104
74862,20030720
470690,20170905
407338,20150725
252127,20100201
407877,20150410
27079,20011223
562516,20200601
407271,20150610
3149,20000625
3277,20001031
253235,20100310
96880,20040318
74829,20030617
563285,20200709
563219,20200503
376323,20140221
252257,20100612
167740,20070617
341433,20130119
375984,20141223
197389,20081002
120463,20050502
563303,20200727
563095,20201230
562727,20200814
469760,20170701
167590,20070107
197430,20081112
500321,20180423
531046,20190918
438514,20160316
500234,20180218
50873,20020705
438681,20160610
142916,20061006
309493,20121214
438769,20160724
592562,20210501
277424,20110916
376434,20140612
225719,20090111
531774,20190619
119699,20050327
74890,20030819
592322,20210531
226045,20091220
562821,20200921
342605,20130214
470459,20170113
253385,20100817
530881,20190628
142815,20060622
592146,20210411
168552,20071006
531012,20190901
407093,20150312
97610,20040521
341445,20130125
225188,20090619
375974,20141218
341813,20130821
501140,20180309
592230,20210508
278320,20110612
531918,20191112
26263,20011230
469821,20170801
143605,20060910
469794,20170718
341985,20131203
530616,20190211
96820,20040117
143510,20060605
225758,20090221
562552,20200610
438538,20160328
375543,20140515
375722,20140814
119916,20051101
439491,20160223
196708,20081112
500493,20180806
531144,20191106
309337,20120209
501149,20180318
341876,20130921
501156,20180325
253267,20100411
375714,20140810
143544,20060709
375817,20140930
591927,20210106
342778,20131018
252400,20101102
531800,20190715
341478,20130303
143543,20060708
196686,20081021
562457,20200504
3324,20001217
225229,20090730
562941,20201115
310061,20121225
500442,20180712
341990,20131205
310060,20121224
142979,20061208
439516,20160319
277416,20110908
225871,20090627
563272,20200625
375719,20140812
531720,20190426
592239,20210510
277477,20111020
309368,20120410
407191,20150430
309369,20120411
500688,20181117
342796,20131105
376364,20140403
592297,20210525
376296,20140125
500193,20180129
342737,20130907
342831,20131210
253428,20100929
469662,20170511
407129,20150330
142749,20060417
530663,20190307
469849,20170815
408057,20151019
27082,20011226
375540,20140513
278438,20111012
407177,20150423
277290,20110312
439032,20161209
341716,20130703
530690,20190321
252320,20100814
563208,20200422
501364,20181107
500670,20181107
196567,20080624
309380,20120416
500558,20180908
253449,20101020
196751,20081225
74690,20030112
309926,20120224
530555,20190111
531177,20191123
469609,20170407
196637,20080902
376289,20140118
531953,20191217
562430,20200427
26001,20010316
407349,20150805
225808,20090415
439624,20160705
341404,20130104
469973,20171016
143518,20060613
142678,20060201
531092,20191011
96963,20040705
469627,20170424
375445,20140326
592304,20210527
97746,20041015
97714,20040913
341895,20131001
470546,20170410
407096,20150314
50708,20020121
197296,20080701
592591,20210608
469761,20170702
375399,20140303
26971,20010903
120349,20050108
470745,20171105
253424,20100925
3094,20000501
500486,20180803
253378,20100810
500182,20180123
168597,20071211
342018,20131225
97054,20041010
3164,20000710
563233,20200517
253368,20100731
341584,20130426
225921,20090816
253182,20100113
531852,20190907
501144,20180313
500700,20181126
97084,20041109
439020,20161201
531621,20190117
469590,20170328
26243,20011210
407475,20151209
97607,20040518
196561,20080618
74760,20030401
501388,20181201
469546,20170306
500355,20180523
438644,20160522
50138,20020511
592191,20210425
120498,20050606
530634,20190220
376619,20141214
501193,20180516
406967,20150108
142689,20060216
469921,20170920
196746,20081220
119924,20051109
469508,20170215
196533,20080428
562563,20200613
143592,20060828
168456,20070702
439069,20161228
26187,20011010
225233,20090803
530935,20190725
167704,20070512
96920,20040523
97737,20041006
50743,20020225
74940,20031008
376562,20141018
563330,20200823
438869,20160916
438493,20160306
407332,20150719
500620,20181009
500555,20180906
438739,20160709
375987,20141224
197153,20080131
225928,20090823
252151,20100225
120546,20050724
50033,20020114
253283,20100427
50857,20020619
562303,20200326
225927,20090822
407400,20150925
26807,20010323
167598,20070115
592592,20210609
142801,20060608
592365,20210611
253429,20100930
501410,20181223
225305,20091014
253300,20100514
470762,20171202
120693,20051218
143581,20060817
530818,20190531
562390,20200417
97602,20040513
562596,20200624
500307,20180409
119871,20050917
196622,20080818
563266,20200619
376557,20141013
50859,20020621
341582,20130425
278288,20110511
531618,20190114
120540,20050718
253422,20100923
592499,20210227
120617,20051003
342597,20130206
3069,20000406
469894,20170906
342773,20131013
375345,20140204
3126,20000602
562544,20200608
438737,20160708
167718,20070526
562601,20200626
341730,20130710
530761,20190430
592373,20210613
196521,20080416
75005,20031212
562540,20200607
470583,20170517
26930,20010724
563077,20201226
27025,20011027
119652,20050131
375561,20140524
196479,20080305
438585,20160421
530969,20190811
26239,20011206
500674,20181109
253446,20101017
530670,20190311
253200,20100202
439075,20161231
562287,20200319
563061,20201221
3196,20000811
26117,20010724
562121,20200103
531651,20190216
438776,20160727
530774,20190507
407352,20150808
253452,20101023
196614,20080810
530836,20190605
277375,20110729
50853,20020615
407197,20150503
26732,20010107
375780,20140912
563445,20201222
277279,20110301
277392,20110815
167900,20071205
168307,20070203
197178,20080225
563253,20200606
469772,20170707
253274,20100418
407089,20150310
407439,20151103
563147,20200219
168462,20070708
252374,20101007
375338,20140131
119815,20050722
438403,20160105
530637,20190222
439460,20160123
310066,20121230
500296,20180330
167694,20070502
74729,20030220
97580,20040421
168566,20071110
341725,20130708
278218,20110112
277563,20111202
563410,20201115
470515,20170310
592177,20210421
470628,20170701
501394,20181207
470600,20170603
407101,20150316
439707,20161007
26031,20010429
500211,20180207
97616,20040527
225321,20091030
277408,20110831
341755,20130723
253461,20101101
197190,20080308
407854,20150318
592053,20210303
119945,20051130
278502,20111215
592109,20210326
470699,20170914
531100,20191015
563344,20200906
592371,20210613
562808,20200916
375711,20140808
562448,20200502
26058,20010526
252434,20101206
143548,20060713
50073,20020307
167852,20071010
562996,20201129
342589,20130129
376438,20140616
97045,20041001
3213,20000828
119653,20050201
469459,20170120
142713,20060312
562876,20201019
253409,20100910
252376,20101009
74971,20031108
50829,20020522
143370,20060116
407334,20150721
469537,20170302
119736,20050503
500583,20180921
225330,20091108
252293,20100718
439622,20160703
407831,20150223
3154,20000630
225239,20090809
341925,20131031
375730,20140818
120353,20050112
562592,20200622
530812,20190528
225094,20090307
408014,20150906
309984,20120422
277555,20111128
277258,20110208
469576,20170321
562663,20200716
168567,20071111
252424,20101126
407814,20150203
142724,20060323
341812,20130820
309448,20121121
96924,20040527
469831,20170806
438706,20160622
469926,20170922
530898,20190706
